{
  "variables": {

     "aws_access_key": "",
     "aws_secret_key": ""
  
  },
  "builders": [
    {
      "type": "amazon-ebs",
      "access_key": "{{user `aws_access_key`}}",
      "secret_key": "{{user `aws_secret_key`}}",
      "vpc_id": "vpc-26d8f35f",
      "associate_public_ip_address": false,
      "region": "us-west-2",
      "ami_name": "practise-trainee-3",
      "source_ami": "ami-0a85857bfc5345c38",
      "instance_type": "t2.micro",
      "ssh_username": "ec2-user"

    }
  ],

   "provisioners": [{
   
        "type": "ansible",
	"playbook_file": "/home/ec2-user/**.yaml"
	    

   }
  ]
    
}

