{
  "variables": {

     "aws_access_key": "",
     "aws_secret_key": ""
  
  },
  "builders": [
    {
      "type": "amazon-ebs",
      "access_key": "{{user `aws_access_key`}}",
      "secret_key": "{{user `aws_secret_key`}}",
      "vpc_id": "vpc-26d8f35f",
      "associate_public_ip_address": false,
      "region": "us-west-2",
      "ami_name": "practise-trainee-1",
      "source_ami": "ami-0a85857bfc5345c38",
      "instance_type": "t2.micro",
      "ssh_username": "ec2-user",
      "ssh_timeout": "10m",
      "launch_block_device_mappings": [
        {
          "device_name": "/dev/xvda",
          "volume_type": "gp2",
          "volume_size": "10",
          "delete_on_termination": true
        },
	
	{
          "device_name": "/dev/sdh",
          "volume_type": "gp2",
          "volume_size": "10",
          "delete_on_termination": true
        }


      ],

      "ami_block_device_mappings": [
        {
          "device_name": "/dev/xvda",
          "volume_type": "gp2",
          "volume_size": "10",
          "delete_on_termination": true
        },

	{
          "device_name": "/dev/sdh",
          "volume_type": "gp2",
          "volume_size": "10",
          "delete_on_termination": true
        }


      ]

    }
  ],

   "provisioners": [{
   
        "type": "shell",
	"inline": [
           
	     "sudo yum install httpd -y",
	     "sudo yum update -y"
	]

   }
  ]
    
}

